airline,date_of_journey,source,destination,dep_time,arrival_time,duration,total_stops,additional_info,price
Jet Airways,2019-05-09,Kolkata,Banglore,14:05:00,12:00:00,1315,1.0,In-flight meal not included,9663
Jet Airways,2019-06-06,Kolkata,Banglore,18:55:00,04:40:00,585,1.0,In-flight meal not included,7757
Indigo,2019-05-12,Banglore,Delhi,10:10:00,13:00:00,170,0.0,No Info,3943
Air Asia,2019-04-09,Banglore,Delhi,04:55:00,07:45:00,170,0.0,No Info,4282
Spicejet,2019-06-01,Kolkata,Banglore,06:55:00,09:30:00,155,0.0,No Info,3873
Jet Airways,2019-06-12,Delhi,Cochin,08:00:00,19:00:00,660,1.0,No Info,14924
Jet Airways,2019-06-09,Kolkata,Banglore,08:25:00,19:50:00,685,1.0,No Info,14571
Indigo,2019-03-27,Mumbai,Hyderabad,09:10:00,10:40:00,90,0.0,No Info,4392
Air India,2019-04-01,Kolkata,Banglore,09:50:00,21:05:00,675,1.0,No Info,8030
Jet Airways,2019-05-21,Kolkata,Banglore,17:00:00,09:45:00,1005,1.0,No Info,13067
Indigo,2019-05-12,Chennai,Kolkata,05:15:00,07:40:00,145,0.0,No Info,3540
Spicejet,2019-06-27,Chennai,Kolkata,09:45:00,12:00:00,135,0.0,No check-in baggage included,3543
Jet Airways,2019-06-06,Kolkata,Banglore,21:10:00,04:40:00,450,1.0,In-flight meal not included,7757
Multiple Carriers,2019-03-21,Delhi,Cochin,19:00:00,01:35:00,395,1.0,No Info,6838
Air India,2019-06-12,Chennai,Kolkata,11:40:00,13:55:00,135,0.0,No Info,4667
Indigo,2019-04-15,Kolkata,Banglore,09:35:00,12:20:00,165,0.0,No Info,4174
Air India,2019-06-06,Kolkata,Banglore,08:20:00,18:30:00,610,2.0,No Info,10697
Indigo,2019-06-15,Delhi,Cochin,18:35:00,01:30:00,415,1.0,No Info,5883
Multiple Carriers,2019-03-27,Delhi,Cochin,10:20:00,01:35:00,915,1.0,No Info,6427
Air India,2019-03-01,Banglore,New Delhi,17:00:00,22:55:00,1795,2.0,No Info,14887
Jet Airways,2019-05-09,Kolkata,Banglore,18:55:00,10:05:00,910,1.0,No Info,13941
Jet Airways,2019-06-03,Delhi,Cochin,19:15:00,04:25:00,550,1.0,In-flight meal not included,10262
Jet Airways,2019-03-21,Delhi,Cochin,18:25:00,18:50:00,1465,2.0,No Info,11869
Jet Airways,2019-03-06,Banglore,New Delhi,08:00:00,19:10:00,670,1.0,No Info,16736
Jet Airways,2019-05-12,Kolkata,Banglore,06:30:00,16:20:00,590,1.0,No Info,14781
Goair,2019-03-27,Delhi,Cochin,06:00:00,13:20:00,440,1.0,No Info,4563
Indigo,2019-03-09,Banglore,New Delhi,06:00:00,08:45:00,165,0.0,No Info,7648
Multiple Carriers,2019-06-12,Delhi,Cochin,04:55:00,12:35:00,460,1.0,No Info,10678
Air India,2019-03-06,Delhi,Cochin,17:40:00,08:15:00,875,1.0,No Info,11038
Multiple Carriers,2019-05-27,Delhi,Cochin,10:00:00,01:30:00,930,1.0,No Info,9508
Multiple Carriers,2019-03-03,Delhi,Cochin,17:30:00,01:35:00,485,1.0,No Info,17057
Multiple Carriers,2019-03-21,Delhi,Cochin,10:45:00,18:50:00,485,1.0,No Info,11622
Jet Airways,2019-05-09,Banglore,Delhi,08:20:00,11:20:00,180,0.0,In-flight meal not included,4544
Indigo,2019-05-15,Banglore,Delhi,00:30:00,03:25:00,175,0.0,No Info,3419
Jet Airways,2019-05-18,Delhi,Cochin,20:55:00,04:25:00,450,1.0,In-flight meal not included,12373
Spicejet,2019-04-06,Kolkata,Banglore,09:00:00,11:25:00,145,0.0,No check-in baggage included,3841
Jet Airways,2019-06-09,Kolkata,Banglore,09:35:00,22:05:00,750,1.0,No Info,14676
Multiple Carriers,2019-06-03,Delhi,Cochin,10:00:00,21:00:00,660,1.0,No Info,13587
Indigo,2019-03-15,Banglore,New Delhi,23:30:00,02:20:00,170,0.0,No Info,8033
Multiple Carriers,2019-06-09,Delhi,Cochin,08:30:00,19:00:00,630,1.0,No Info,11622
Spicejet,2019-03-06,Mumbai,Hyderabad,05:45:00,07:05:00,80,0.0,No Info,4129
Indigo,2019-05-09,Delhi,Cochin,10:35:00,01:30:00,895,1.0,No Info,8330
Jet Airways,2019-05-27,Delhi,Cochin,20:55:00,12:35:00,940,1.0,In-flight meal not included,12898
Air India,2019-03-06,Delhi,Cochin,09:00:00,07:40:00,1360,1.0,No Info,14882
Indigo,2019-05-12,Kolkata,Banglore,18:05:00,23:30:00,325,1.0,No Info,6218
Goair,2019-06-09,Delhi,Cochin,10:35:00,19:35:00,540,1.0,No Info,5281
Air India,2019-05-15,Delhi,Cochin,18:05:00,21:10:00,185,0.0,No Info,6094
Air India,2019-03-24,Kolkata,Banglore,05:50:00,13:40:00,470,2.0,No Info,8005
Jet Airways,2019-06-03,Delhi,Cochin,16:00:00,04:25:00,745,1.0,No Info,14714
Jet Airways,2019-05-09,Kolkata,Banglore,06:30:00,04:40:00,1330,1.0,In-flight meal not included,8586
Multiple Carriers,2019-03-21,Delhi,Cochin,07:05:00,13:20:00,375,1.0,No Info,14486
Jet Airways,2019-03-21,Banglore,New Delhi,05:45:00,21:20:00,935,1.0,In-flight meal not included,7832
Jet Airways,2019-06-09,Delhi,Cochin,08:00:00,19:00:00,660,1.0,In-flight meal not included,10262
Jet Airways,2019-03-27,Delhi,Cochin,20:50:00,19:45:00,1375,1.0,No Info,12032
Jet Airways,2019-03-06,Delhi,Cochin,07:05:00,04:25:00,1280,1.0,No Info,17234
Air India,2019-03-12,Kolkata,Banglore,20:45:00,23:20:00,155,0.0,No Info,4435
Jet Airways,2019-05-15,Kolkata,Banglore,06:30:00,23:35:00,1025,1.0,In-flight meal not included,8586
Jet Airways,2019-06-03,Banglore,Delhi,19:50:00,22:50:00,180,0.0,In-flight meal not included,6478
Indigo,2019-06-01,Chennai,Kolkata,15:40:00,18:25:00,165,0.0,No Info,3540
Indigo,2019-05-27,Delhi,Cochin,06:50:00,12:10:00,320,1.0,No Info,5530
Jet Airways,2019-06-06,Kolkata,Banglore,20:25:00,10:55:00,870,1.0,In-flight meal not included,10539
Jet Airways,2019-06-27,Delhi,Cochin,14:00:00,12:35:00,1355,1.0,In-flight meal not included,10262
Jet Airways,2019-06-03,Delhi,Cochin,22:50:00,04:25:00,335,1.0,No Info,14714
Goair,2019-06-15,Banglore,Delhi,11:40:00,14:30:00,170,0.0,No Info,3898
Jet Airways,2019-03-24,Mumbai,Hyderabad,02:55:00,04:25:00,90,0.0,No Info,5678
Air India,2019-06-06,Banglore,Delhi,06:10:00,08:55:00,165,0.0,No Info,6961
Jet Airways,2019-03-12,Banglore,New Delhi,08:55:00,21:20:00,745,1.0,No Info,13817
Spicejet,2019-04-01,Banglore,Delhi,21:10:00,00:05:00,175,0.0,No Info,3625
Indigo,2019-03-03,Delhi,Cochin,07:30:00,13:20:00,350,1.0,No Info,13628
Jet Airways,2019-04-21,Banglore,Delhi,17:45:00,20:45:00,180,0.0,No Info,7229
Air India,2019-06-27,Delhi,Cochin,18:05:00,21:10:00,185,0.0,No Info,5201
Jet Airways,2019-06-06,Delhi,Cochin,02:15:00,12:35:00,620,1.0,No Info,14714
Jet Airways,2019-03-18,Banglore,New Delhi,16:55:00,08:15:00,920,1.0,No Info,13555
Air India,2019-05-18,Delhi,Cochin,21:00:00,07:40:00,640,1.0,No Info,8372
Spicejet,2019-03-24,Chennai,Kolkata,17:45:00,20:05:00,140,0.0,No Info,5418
Multiple Carriers,2019-06-24,Delhi,Cochin,09:00:00,21:00:00,720,1.0,No Info,13587
Jet Airways,2019-06-24,Delhi,Cochin,02:15:00,19:00:00,1005,1.0,In-flight meal not included,10262
Air India,2019-06-06,Kolkata,Banglore,07:00:00,05:25:00,1345,2.0,No Info,12009
Jet Airways,2019-03-15,Banglore,New Delhi,18:55:00,00:45:00,350,1.0,No Info,21934
Indigo,2019-06-15,Banglore,Delhi,01:30:00,04:15:00,165,0.0,No Info,3419
Indigo,2019-06-01,Banglore,Delhi,07:10:00,10:05:00,175,0.0,No Info,4823
Air India,2019-05-09,Mumbai,Hyderabad,21:05:00,22:25:00,80,0.0,No Info,3100
Air India,2019-06-24,Delhi,Cochin,14:10:00,17:10:00,180,0.0,No Info,5201
Spicejet,2019-05-06,Kolkata,Banglore,06:55:00,09:30:00,155,0.0,No check-in baggage included,3841
Multiple Carriers,2019-03-09,Delhi,Cochin,04:45:00,19:45:00,900,1.0,No Info,10782
Jet Airways,2019-05-06,Kolkata,Banglore,09:35:00,19:10:00,575,1.0,In-flight meal not included,12384
Jet Airways,2019-03-09,Banglore,New Delhi,08:55:00,10:45:00,1550,1.0,In-flight meal not included,11087
Jet Airways,2019-04-03,Delhi,Cochin,11:00:00,14:15:00,195,0.0,In-flight meal not included,4886
Indigo,2019-06-12,Banglore,Delhi,10:10:00,13:00:00,170,0.0,No Info,3943
Goair,2019-04-03,Banglore,Delhi,11:40:00,14:30:00,170,0.0,No Info,3898
Spicejet,2019-05-01,Kolkata,Banglore,17:10:00,19:40:00,150,0.0,No Info,4174
Spicejet,2019-05-18,Mumbai,Hyderabad,05:45:00,07:15:00,90,0.0,No Info,2017
Air India,2019-03-09,Banglore,New Delhi,17:00:00,19:50:00,170,0.0,No Info,9481
Air India,2019-03-01,Banglore,New Delhi,08:50:00,11:10:00,1580,2.0,No Info,19372
Indigo,2019-06-15,Delhi,Cochin,07:35:00,16:10:00,515,1.0,No Info,6442
Multiple Carriers,2019-03-06,Delhi,Cochin,02:15:00,13:20:00,665,1.0,No Info,17057
Jet Airways,2019-03-27,Mumbai,Hyderabad,10:20:00,11:50:00,90,0.0,No Info,8040
Jet Airways,2019-05-27,Delhi,Cochin,18:15:00,19:00:00,1485,1.0,In-flight meal not included,12898
Jet Airways,2019-06-09,Kolkata,Banglore,20:25:00,18:00:00,1295,1.0,No Info,13401
Air India,2019-06-03,Delhi,Cochin,05:15:00,19:15:00,2280,3.0,No Info,10493
Indigo,2019-06-06,Kolkata,Banglore,22:15:00,00:50:00,155,0.0,No Info,4804
Jet Airways,2019-06-09,Banglore,Delhi,19:50:00,22:50:00,180,0.0,In-flight meal not included,7229
Spicejet,2019-05-15,Kolkata,Banglore,22:20:00,00:40:00,140,0.0,No check-in baggage included,3841
Multiple Carriers,2019-06-24,Delhi,Cochin,17:30:00,01:30:00,480,1.0,No Info,13377
Multiple Carriers,2019-03-06,Delhi,Cochin,07:05:00,21:20:00,855,2.0,No Info,7084
Multiple Carriers,2019-06-01,Delhi,Cochin,07:05:00,16:10:00,545,1.0,No Info,9646
Jet Airways,2019-06-01,Mumbai,Hyderabad,07:05:00,08:30:00,85,0.0,No Info,5678
Multiple Carriers,2019-05-15,Delhi,Cochin,12:50:00,21:00:00,490,1.0,No Info,7670
Indigo,2019-05-01,Kolkata,Banglore,15:15:00,20:05:00,290,1.0,No Info,4775
Indigo,2019-03-09,Banglore,New Delhi,15:40:00,20:35:00,295,1.0,No Info,5226
Jet Airways,2019-04-03,Mumbai,Hyderabad,10:20:00,11:50:00,90,0.0,In-flight meal not included,3205
Air Asia,2019-03-03,Banglore,New Delhi,23:25:00,02:10:00,165,0.0,No Info,6135
Spicejet,2019-06-03,Chennai,Kolkata,08:20:00,10:35:00,135,0.0,No Info,3597
Jet Airways,2019-06-24,Delhi,Cochin,09:40:00,12:35:00,1615,2.0,No Info,13014
Jet Airways,2019-03-01,Banglore,New Delhi,11:40:00,10:25:00,1365,1.0,No Info,25735
Spicejet,2019-04-27,Banglore,Delhi,05:55:00,08:35:00,160,0.0,No Info,4423
Air Asia,2019-04-12,Banglore,Delhi,11:10:00,13:55:00,165,0.0,No Info,4483
Jet Airways,2019-05-18,Delhi,Cochin,08:00:00,04:25:00,1225,1.0,In-flight meal not included,12373
Spicejet,2019-05-24,Mumbai,Hyderabad,05:45:00,07:15:00,90,0.0,No check-in baggage included,1965
Jet Airways,2019-06-15,Delhi,Cochin,10:00:00,19:00:00,540,1.0,No Info,14714
Jet Airways,2019-06-09,Kolkata,Banglore,10:20:00,17:35:00,435,1.0,No Info,8355
Jet Airways,2019-03-06,Banglore,New Delhi,16:55:00,10:25:00,1050,1.0,No Info,17261
Multiple Carriers,2019-05-27,Delhi,Cochin,09:00:00,19:00:00,600,1.0,No Info,10407
Air India,2019-04-01,Kolkata,Banglore,09:50:00,23:15:00,805,2.0,No Info,12125
Multiple Carriers,2019-06-27,Delhi,Cochin,08:45:00,19:15:00,630,1.0,No Info,8266
Indigo,2019-05-01,Kolkata,Banglore,07:10:00,12:40:00,330,1.0,No Info,6111
Indigo,2019-04-24,Delhi,Cochin,05:05:00,16:10:00,665,1.0,No Info,6171
Jet Airways,2019-03-06,Banglore,New Delhi,20:35:00,08:15:00,700,1.0,No Info,16736
Air India,2019-05-18,Delhi,Cochin,17:15:00,19:15:00,1560,2.0,No Info,12392
Air India,2019-04-01,Mumbai,Hyderabad,21:05:00,22:25:00,80,0.0,No Info,2050
Jet Airways,2019-05-18,Banglore,Delhi,08:20:00,11:20:00,180,0.0,No Info,7229
Indigo,2019-03-21,Kolkata,Banglore,22:10:00,00:55:00,165,0.0,No Info,4148
Jet Airways,2019-06-09,Kolkata,Banglore,18:55:00,04:40:00,585,1.0,In-flight meal not included,9663
Indigo,2019-05-24,Kolkata,Banglore,04:40:00,07:15:00,155,0.0,No Info,4804
Multiple Carriers,2019-03-06,Delhi,Cochin,08:25:00,18:50:00,625,1.0,No Info,15135
Jet Airways,2019-03-27,Delhi,Cochin,16:00:00,04:25:00,745,1.0,In-flight meal not included,6540
Air India,2019-05-09,Chennai,Kolkata,11:40:00,13:55:00,135,0.0,No Info,4667
Indigo,2019-06-27,Delhi,Cochin,14:25:00,17:40:00,195,0.0,No Info,5000
Multiple Carriers,2019-06-15,Delhi,Cochin,07:05:00,21:00:00,835,1.0,No Info,13587
Jet Airways,2019-05-09,Mumbai,Hyderabad,02:55:00,04:20:00,85,0.0,In-flight meal not included,3210
Jet Airways,2019-05-18,Delhi,Cochin,09:00:00,19:00:00,600,1.0,No Info,15554
Jet Airways,2019-04-03,Banglore,Delhi,17:45:00,20:45:00,180,0.0,No Info,7229
Air India,2019-06-06,Delhi,Cochin,05:00:00,19:15:00,2295,2.0,No Info,9653
Multiple Carriers,2019-05-15,Delhi,Cochin,10:00:00,19:00:00,540,1.0,No Info,10197
Jet Airways,2019-03-21,Banglore,New Delhi,22:50:00,11:25:00,755,1.0,In-flight meal not included,7832
Jet Airways,2019-05-21,Delhi,Cochin,05:30:00,19:00:00,810,2.0,No Info,15129
Jet Airways,2019-03-18,Banglore,New Delhi,11:40:00,08:15:00,1235,1.0,No Info,12284
Vistara,2019-03-09,Banglore,New Delhi,16:00:00,18:35:00,155,0.0,No Info,7923
Spicejet,2019-05-09,Delhi,Cochin,17:55:00,22:50:00,295,1.0,No Info,5975
Vistara,2019-04-21,Banglore,Delhi,11:30:00,14:20:00,170,0.0,No Info,5403
Air Asia,2019-05-27,Banglore,Delhi,04:55:00,07:45:00,170,0.0,No Info,3383
Jet Airways,2019-05-27,Delhi,Cochin,09:00:00,12:35:00,1655,1.0,In-flight meal not included,12898
Indigo,2019-04-15,Banglore,Delhi,23:30:00,02:20:00,170,0.0,No Info,4591
Jet Airways,2019-05-18,Kolkata,Banglore,05:45:00,04:40:00,1375,1.0,No Info,13941
Spicejet,2019-05-01,Banglore,Delhi,21:10:00,00:05:00,175,0.0,No Info,4991
Indigo,2019-06-15,Chennai,Kolkata,14:45:00,17:05:00,140,0.0,No Info,3597
Jet Airways,2019-03-12,Banglore,New Delhi,05:45:00,20:20:00,875,1.0,No Info,13817
Jet Airways,2019-06-12,Delhi,Cochin,13:00:00,19:00:00,360,1.0,In-flight meal not included,10262
Jet Airways,2019-05-21,Delhi,Cochin,07:05:00,12:35:00,330,1.0,In-flight meal not included,12898
Vistara,2019-05-01,Banglore,Delhi,11:30:00,14:20:00,170,0.0,No Info,4668
Indigo,2019-06-12,Delhi,Cochin,08:30:00,21:00:00,750,1.0,No Info,6093
Indigo,2019-04-06,Kolkata,Banglore,15:15:00,17:45:00,150,0.0,No Info,4174
Jet Airways,2019-03-12,Mumbai,Hyderabad,09:50:00,16:35:00,405,1.0,No Info,20120
Jet Airways,2019-06-27,Delhi,Cochin,23:05:00,04:25:00,1760,2.0,No Info,12819
Spicejet,2019-03-27,Kolkata,Banglore,17:15:00,19:45:00,150,0.0,No check-in baggage included,3815
Air India,2019-05-09,Kolkata,Banglore,16:50:00,05:35:00,765,2.0,No Info,11432
Air Asia,2019-06-09,Kolkata,Banglore,19:55:00,22:25:00,150,0.0,No Info,4409
Jet Airways,2019-05-18,Kolkata,Banglore,05:45:00,16:20:00,635,1.0,In-flight meal not included,10844
Vistara,2019-03-09,Banglore,New Delhi,07:00:00,09:40:00,160,0.0,No Info,7975
Jet Airways,2019-05-06,Mumbai,Hyderabad,02:55:00,04:20:00,85,0.0,No Info,5678
Jet Airways,2019-06-15,Delhi,Cochin,19:45:00,19:00:00,1395,1.0,In-flight meal not included,10262
Multiple Carriers,2019-06-24,Delhi,Cochin,06:00:00,19:00:00,780,1.0,No Info,12524
Vistara,2019-03-24,Kolkata,Banglore,17:00:00,22:55:00,355,1.0,No Info,14360
Jet Airways,2019-03-01,Banglore,New Delhi,08:55:00,00:45:00,950,1.0,No Info,26890
Multiple Carriers,2019-05-27,Delhi,Cochin,13:00:00,01:30:00,750,1.0,In-flight meal not included,6943
Jet Airways,2019-03-09,Delhi,Cochin,02:15:00,19:45:00,1050,1.0,In-flight meal not included,13843
Indigo,2019-05-01,Chennai,Kolkata,19:35:00,21:55:00,140,0.0,No Info,3597
Multiple Carriers,2019-06-24,Delhi,Cochin,12:50:00,21:00:00,490,1.0,In-flight meal not included,6007
Air India,2019-06-24,Chennai,Kolkata,11:40:00,13:55:00,135,0.0,No Info,4667
Air India,2019-05-18,Delhi,Cochin,09:45:00,09:25:00,1420,1.0,No Info,8372
Jet Airways,2019-05-09,Delhi,Cochin,17:30:00,04:25:00,655,1.0,In-flight meal not included,12373
Indigo,2019-03-24,Banglore,New Delhi,23:30:00,02:20:00,170,0.0,No Info,6860
Jet Airways,2019-03-03,Delhi,Cochin,09:00:00,18:50:00,590,1.0,No Info,17024
Jet Airways,2019-06-24,Delhi,Cochin,05:30:00,04:25:00,1375,2.0,In-flight meal not included,10368
Jet Airways,2019-06-24,Delhi,Cochin,10:00:00,12:35:00,1595,1.0,In-flight meal not included,10262
Jet Airways,2019-05-15,Banglore,Delhi,17:45:00,20:45:00,180,0.0,No Info,7229
Indigo,2019-04-01,Kolkata,Banglore,17:35:00,22:15:00,280,1.0,No Info,5699
Air India,2019-06-06,Delhi,Cochin,22:00:00,19:15:00,1275,2.0,No Info,10441
Jet Airways,2019-03-09,Banglore,New Delhi,05:50:00,15:00:00,550,1.0,In-flight meal not included,10037
Multiple Carriers,2019-06-12,Delhi,Cochin,09:15:00,19:00:00,585,1.0,No Info,11622
Jet Airways,2019-05-18,Delhi,Cochin,07:05:00,19:00:00,715,1.0,In-flight meal not included,12373
Indigo,2019-03-09,Chennai,Kolkata,05:15:00,07:35:00,140,0.0,No Info,6482
Jet Airways,2019-05-21,Kolkata,Banglore,14:05:00,19:50:00,345,1.0,No Info,14781
Indigo,2019-03-09,Kolkata,Banglore,05:30:00,08:20:00,170,0.0,No Info,4148
Indigo,2019-06-15,Chennai,Kolkata,15:40:00,18:25:00,165,0.0,No Info,3540
Jet Airways,2019-05-21,Delhi,Cochin,16:00:00,12:35:00,1235,1.0,In-flight meal not included,12898
Air India,2019-03-09,Delhi,Cochin,13:15:00,09:25:00,1210,2.0,No Info,11622
Indigo,2019-06-15,Delhi,Cochin,05:35:00,08:50:00,195,0.0,No Info,5601
Indigo,2019-06-09,Banglore,Delhi,08:30:00,11:20:00,170,0.0,No Info,4823
Air India,2019-05-21,Delhi,Cochin,07:05:00,09:25:00,1580,2.0,No Info,10975
Multiple Carriers,2019-06-27,Delhi,Cochin,13:00:00,19:15:00,375,1.0,No Info,14848
Jet Airways,2019-06-15,Delhi,Cochin,17:30:00,04:25:00,655,1.0,In-flight meal not included,10262
Jet Airways,2019-06-01,Delhi,Cochin,14:00:00,04:25:00,865,1.0,No Info,14714
Spicejet,2019-03-15,Kolkata,Banglore,22:20:00,00:40:00,140,0.0,No Info,3847
Indigo,2019-04-24,Delhi,Cochin,20:25:00,01:30:00,305,1.0,No Info,5065
Jet Airways,2019-05-15,Kolkata,Banglore,16:30:00,16:20:00,1430,1.0,In-flight meal not included,10844
Air India,2019-04-01,Kolkata,Banglore,12:00:00,21:50:00,590,2.0,No Info,9258
Jet Airways,2019-05-18,Kolkata,Banglore,05:45:00,09:20:00,1655,1.0,In-flight meal not included,9663
Jet Airways,2019-05-01,Kolkata,Banglore,20:25:00,21:05:00,1480,1.0,No Info,12121
Multiple Carriers,2019-06-01,Delhi,Cochin,10:00:00,01:30:00,930,1.0,No Info,7198
Vistara,2019-05-21,Chennai,Kolkata,07:05:00,09:20:00,135,0.0,No Info,3687
Indigo,2019-03-21,Mumbai,Hyderabad,09:10:00,10:35:00,85,0.0,No Info,4049
Jet Airways,2019-06-12,Kolkata,Banglore,16:30:00,20:45:00,1695,1.0,In-flight meal not included,8529
Spicejet,2019-06-03,Banglore,Delhi,09:30:00,12:20:00,170,0.0,No Info,3971
Jet Airways,2019-04-24,Banglore,Delhi,19:50:00,22:50:00,180,0.0,No Info,7229
Jet Airways,2019-05-18,Delhi,Cochin,19:15:00,12:35:00,1040,1.0,In-flight meal not included,12373
Jet Airways,2019-04-06,Banglore,Delhi,08:20:00,11:20:00,180,0.0,In-flight meal not included,4544
Air India,2019-06-09,Delhi,Cochin,14:25:00,19:15:00,1730,2.0,No Info,13381
Jet Airways,2019-03-18,Banglore,New Delhi,18:40:00,07:40:00,780,1.0,No Info,12284
Vistara,2019-05-01,Banglore,Delhi,09:45:00,12:35:00,170,0.0,No Info,4668
Air India,2019-05-21,Delhi,Cochin,13:20:00,07:40:00,1100,2.0,No Info,13538
Vistara,2019-05-09,Kolkata,Banglore,17:00:00,18:50:00,1550,1.0,No Info,8820
Jet Airways,2019-05-15,Kolkata,Banglore,09:35:00,10:55:00,1520,1.0,No Info,14151
Spicejet,2019-03-06,Kolkata,Banglore,06:55:00,09:35:00,160,0.0,No Info,3850
Jet Airways,2019-03-21,Delhi,Cochin,10:20:00,18:50:00,1950,2.0,No Info,11664
Jet Airways,2019-06-09,Delhi,Cochin,05:30:00,12:35:00,425,2.0,In-flight meal not included,13344
Air India,2019-03-12,Mumbai,Hyderabad,06:00:00,19:25:00,2245,2.0,No Info,12119
Jet Airways,2019-05-09,Kolkata,Banglore,08:25:00,20:45:00,740,1.0,In-flight meal not included,10844
Jet Airways,2019-06-12,Kolkata,Banglore,08:25:00,20:45:00,740,1.0,In-flight meal not included,9899
Multiple Carriers,2019-05-18,Delhi,Cochin,10:35:00,19:00:00,505,1.0,No Info,9627
Indigo,2019-05-24,Banglore,Delhi,18:25:00,21:20:00,175,0.0,No Info,4823
Air India,2019-05-18,Delhi,Cochin,13:20:00,07:40:00,1100,2.0,No Info,13801
Jet Airways,2019-05-21,Delhi,Cochin,20:00:00,04:25:00,505,2.0,No Info,16263
Air India,2019-06-12,Kolkata,Banglore,14:35:00,14:35:00,1440,1.0,No Info,6528
Jet Airways,2019-06-06,Kolkata,Banglore,17:00:00,19:10:00,1570,1.0,No Info,14151
Jet Airways,2019-03-12,Banglore,New Delhi,05:50:00,12:20:00,390,1.0,No Info,11297
Air Asia,2019-04-18,Kolkata,Banglore,19:55:00,22:25:00,150,0.0,No Info,4409
Jet Airways,2019-04-01,Banglore,Delhi,11:10:00,14:05:00,175,0.0,No Info,7229
Jet Airways,2019-05-21,Banglore,Delhi,17:45:00,20:45:00,180,0.0,In-flight meal not included,4030
Indigo,2019-06-09,Chennai,Kolkata,11:35:00,14:00:00,145,0.0,No Info,3858
Jet Airways,2019-03-15,Banglore,New Delhi,08:55:00,18:25:00,570,1.0,In-flight meal not included,9134
Air India,2019-03-01,Banglore,New Delhi,17:00:00,12:15:00,1155,1.0,No Info,10246
Spicejet,2019-05-01,Chennai,Kolkata,08:20:00,10:35:00,135,0.0,No check-in baggage included,3543
Jet Airways,2019-06-15,Banglore,Delhi,11:10:00,14:05:00,175,0.0,No Info,8016
Indigo,2019-06-27,Banglore,Delhi,22:10:00,01:00:00,170,0.0,No Info,3419
Vistara,2019-06-15,Chennai,Kolkata,17:45:00,20:05:00,140,0.0,No Info,11982
Air India,2019-03-21,Delhi,Cochin,16:40:00,19:15:00,1595,2.0,No Info,8236
Air Asia,2019-06-21,Kolkata,Banglore,22:50:00,01:20:00,150,0.0,No Info,3807
Air India,2019-03-09,Banglore,New Delhi,17:00:00,19:45:00,165,0.0,No Info,10741
Multiple Carriers,2019-03-06,Delhi,Cochin,07:05:00,21:00:00,835,1.0,No Info,17267
Air Asia,2019-04-18,Kolkata,Banglore,10:20:00,12:55:00,155,0.0,No Info,4409
Spicejet,2019-05-09,Delhi,Cochin,08:45:00,13:15:00,270,1.0,No check-in baggage included,4760
Air India,2019-03-12,Mumbai,Hyderabad,21:00:00,19:25:00,1345,1.0,No Info,10943
Air India,2019-06-06,Mumbai,Hyderabad,06:20:00,07:40:00,80,0.0,No Info,3100
Jet Airways,2019-05-09,Kolkata,Banglore,10:20:00,17:35:00,435,1.0,No Info,8355
Indigo,2019-05-06,Kolkata,Banglore,22:15:00,00:50:00,155,0.0,No Info,4804
Indigo,2019-04-15,Delhi,Cochin,14:25:00,17:40:00,195,0.0,No Info,6015
Jet Airways,2019-03-09,Delhi,Cochin,16:00:00,18:50:00,1610,1.0,No Info,16289
Spicejet,2019-05-15,Kolkata,Banglore,15:55:00,21:25:00,330,1.0,No Info,7804
Vistara,2019-05-09,Kolkata,Banglore,20:20:00,09:05:00,765,1.0,No Info,9187
Jet Airways,2019-06-01,Banglore,Delhi,18:55:00,22:00:00,185,0.0,In-flight meal not included,7229
Jet Airways,2019-05-15,Kolkata,Banglore,21:10:00,16:20:00,1150,1.0,In-flight meal not included,10844
Air India,2019-06-12,Delhi,Cochin,17:40:00,08:15:00,875,1.0,No Info,8991
Jet Airways,2019-03-01,Banglore,New Delhi,07:00:00,21:20:00,860,1.0,No Info,27992
Jet Airways,2019-05-01,Kolkata,Banglore,10:20:00,17:35:00,435,1.0,No Info,8355
Multiple Carriers,2019-05-09,Delhi,Cochin,10:20:00,21:00:00,640,1.0,No Info,7670
Air India,2019-05-21,Chennai,Kolkata,11:40:00,13:55:00,135,0.0,No Info,4667
Indigo,2019-05-06,Delhi,Cochin,11:25:00,01:30:00,845,1.0,No Info,6979
Jet Airways,2019-06-27,Delhi,Cochin,09:40:00,12:35:00,1615,2.0,In-flight meal not included,11118
Spicejet,2019-04-18,Banglore,Delhi,09:30:00,12:20:00,170,0.0,No check-in baggage included,5515
Multiple Carriers,2019-06-24,Delhi,Cochin,07:05:00,16:10:00,545,1.0,No Info,9856
Indigo,2019-05-21,Kolkata,Banglore,22:15:00,00:50:00,155,0.0,No Info,4804
Air Asia,2019-06-21,Kolkata,Banglore,10:20:00,12:55:00,155,0.0,No Info,3807
Indigo,2019-03-03,Delhi,Cochin,04:55:00,12:00:00,425,1.0,No Info,9585
Air India,2019-05-27,Delhi,Cochin,03:50:00,19:15:00,925,1.0,No Info,9719
Air India,2019-05-18,Kolkata,Banglore,12:00:00,21:50:00,590,2.0,No Info,10151
Indigo,2019-04-15,Kolkata,Banglore,15:15:00,20:05:00,290,1.0,No Info,4775
Jet Airways,2019-06-01,Delhi,Cochin,15:00:00,19:00:00,1680,1.0,No Info,14714
Jet Airways,2019-06-03,Delhi,Cochin,17:30:00,19:00:00,1530,1.0,In-flight meal not included,10262
Jet Airways,2019-06-15,Delhi,Cochin,09:25:00,12:35:00,1630,2.0,No Info,13882
Air India,2019-06-21,Banglore,Delhi,21:05:00,23:55:00,170,0.0,No Info,5228
Jet Airways,2019-06-09,Kolkata,Banglore,08:25:00,18:15:00,590,1.0,In-flight meal not included,10844
Goair,2019-06-03,Delhi,Cochin,14:25:00,19:35:00,310,1.0,No Info,9069
Jet Airways,2019-05-24,Kolkata,Banglore,20:00:00,10:05:00,845,1.0,In-flight meal not included,8586
Spicejet,2019-06-06,Banglore,Delhi,05:55:00,08:35:00,160,0.0,No Info,3625
Air India,2019-03-18,Banglore,New Delhi,08:50:00,10:35:00,1545,2.0,No Info,11885
Indigo,2019-03-03,Delhi,Cochin,09:10:00,01:35:00,985,1.0,No Info,14871
Jet Airways,2019-05-03,Banglore,Delhi,07:10:00,10:10:00,180,0.0,No Info,7229
Jet Airways,2019-05-27,Delhi,Cochin,02:15:00,12:35:00,620,1.0,No Info,16376
Indigo,2019-05-12,Banglore,Delhi,06:05:00,08:50:00,165,0.0,No Info,4423
Spicejet,2019-05-01,Chennai,Kolkata,08:20:00,10:35:00,135,0.0,No Info,3597
Multiple Carriers,2019-03-27,Delhi,Cochin,09:00:00,21:00:00,720,1.0,No Info,6883
Multiple Carriers,2019-03-09,Delhi,Cochin,08:00:00,21:00:00,780,1.0,No Info,16023
Jet Airways,2019-06-27,Delhi,Cochin,13:25:00,12:35:00,1390,2.0,In-flight meal not included,11150
Multiple Carriers,2019-06-27,Delhi,Cochin,09:45:00,22:30:00,765,1.0,No Info,9646
Jet Airways,2019-04-06,Banglore,Delhi,18:55:00,22:00:00,185,0.0,In-flight meal not included,4544
Jet Airways,2019-03-21,Delhi,Cochin,19:45:00,04:25:00,520,1.0,No Info,12557
Jet Airways,2019-06-24,Banglore,Delhi,15:15:00,18:10:00,175,0.0,No Info,8016
Air India,2019-03-01,Banglore,New Delhi,08:50:00,10:35:00,1545,2.0,No Info,31783
Multiple Carriers,2019-05-21,Delhi,Cochin,04:55:00,12:35:00,460,1.0,No Info,9103
Multiple Carriers,2019-06-06,Delhi,Cochin,12:50:00,01:30:00,760,1.0,No Info,6795
Jet Airways,2019-03-18,Banglore,New Delhi,07:00:00,07:40:00,1480,1.0,No Info,11455
Jet Airways,2019-04-01,Kolkata,Banglore,18:55:00,16:20:00,1285,1.0,In-flight meal not included,7064
Jet Airways,2019-06-12,Kolkata,Banglore,20:00:00,04:40:00,520,1.0,In-flight meal not included,6959
Jet Airways,2019-05-09,Delhi,Cochin,18:15:00,04:25:00,610,1.0,In-flight meal not included,12373
Multiple Carriers,2019-03-09,Delhi,Cochin,16:00:00,01:35:00,575,1.0,In-flight meal not included,14086
Indigo,2019-03-06,Delhi,Cochin,06:40:00,21:00:00,860,1.0,No Info,14871
Jet Airways,2019-03-12,Banglore,New Delhi,22:55:00,10:45:00,710,1.0,In-flight meal not included,11087
Jet Airways,2019-06-09,Kolkata,Banglore,06:30:00,19:50:00,800,1.0,No Info,14571
Jet Airways,2019-05-09,Delhi,Cochin,19:30:00,12:35:00,1025,2.0,No Info,15129
Goair,2019-06-15,Delhi,Cochin,07:25:00,13:35:00,370,1.0,No Info,5842
Air India,2019-03-15,Banglore,New Delhi,05:50:00,22:10:00,980,2.0,No Info,9796
Jet Airways,2019-04-01,Kolkata,Banglore,18:55:00,20:45:00,1550,1.0,In-flight meal not included,7064
Indigo,2019-05-03,Chennai,Kolkata,22:05:00,00:25:00,140,0.0,No Info,5277
Multiple Carriers,2019-05-18,Delhi,Cochin,13:15:00,22:30:00,555,1.0,No Info,11188
Jet Airways,2019-06-12,Delhi,Cochin,11:45:00,12:35:00,1490,2.0,No Info,13882
Jet Airways,2019-05-06,Mumbai,Hyderabad,19:35:00,21:05:00,90,0.0,In-flight meal not included,2228
Jet Airways,2019-05-21,Kolkata,Banglore,21:10:00,22:35:00,1525,1.0,In-flight meal not included,10844
Multiple Carriers,2019-06-03,Delhi,Cochin,09:00:00,21:00:00,720,1.0,No Info,13587
Jet Airways,2019-05-15,Mumbai,Hyderabad,02:55:00,04:20:00,85,0.0,In-flight meal not included,3210
Multiple Carriers,2019-06-15,Delhi,Cochin,11:30:00,21:00:00,570,1.0,No Info,13587
Indigo,2019-05-01,Mumbai,Hyderabad,20:05:00,21:40:00,95,0.0,No Info,2227
Jet Airways,2019-05-01,Kolkata,Banglore,06:30:00,16:20:00,590,1.0,No Info,14781
Indigo,2019-05-06,Kolkata,Banglore,07:10:00,12:40:00,330,1.0,No Info,4864
Air India,2019-05-12,Banglore,Delhi,13:20:00,16:10:00,170,0.0,No Info,6121
Jet Airways,2019-05-18,Delhi,Cochin,02:15:00,04:25:00,1570,1.0,In-flight meal not included,12373
Multiple Carriers,2019-05-27,Delhi,Cochin,08:00:00,21:00:00,780,1.0,No Info,7618
Vistara,2019-03-09,Banglore,New Delhi,21:10:00,00:05:00,175,0.0,No Info,7240
Air India,2019-05-09,Delhi,Cochin,12:00:00,07:40:00,1180,2.0,No Info,9968
Goair,2019-04-09,Banglore,Delhi,07:45:00,10:40:00,175,0.0,No Info,4632
Air India,2019-06-06,Kolkata,Banglore,09:25:00,01:20:00,955,2.0,No Info,11458
Vistara,2019-05-24,Kolkata,Banglore,17:00:00,20:20:00,1640,1.0,No Info,9870
Goair,2019-04-18,Banglore,Delhi,07:45:00,10:40:00,175,0.0,No Info,5048
Indigo,2019-03-01,Mumbai,Hyderabad,02:30:00,04:00:00,90,0.0,No Info,16000
Spicejet,2019-04-03,Mumbai,Hyderabad,05:45:00,07:15:00,90,0.0,No check-in baggage included,1965
Spicejet,2019-03-09,Banglore,New Delhi,09:35:00,12:30:00,175,0.0,No Info,6205
Jet Airways,2019-03-12,Banglore,New Delhi,07:00:00,21:20:00,860,1.0,No Info,13817
Air India,2019-06-06,Kolkata,Banglore,14:30:00,23:15:00,525,2.0,No Info,15894
Multiple Carriers,2019-03-06,Delhi,Cochin,11:30:00,21:00:00,570,1.0,In-flight meal not included,15136
Multiple Carriers,2019-03-09,Delhi,Cochin,06:50:00,19:15:00,745,1.0,In-flight meal not included,14817
Spicejet,2019-05-21,Chennai,Kolkata,17:45:00,20:05:00,140,0.0,No check-in baggage included,3543
Goair,2019-05-09,Kolkata,Banglore,16:40:00,00:15:00,455,1.0,No Info,8777
Indigo,2019-05-01,Banglore,Delhi,23:30:00,02:20:00,170,0.0,No Info,4591
Indigo,2019-06-27,Delhi,Cochin,07:30:00,21:00:00,810,1.0,No Info,6093
Jet Airways,2019-03-15,Mumbai,Hyderabad,10:20:00,11:50:00,90,0.0,No Info,8040
Jet Airways,2019-06-09,Kolkata,Banglore,16:30:00,23:35:00,425,1.0,In-flight meal not included,10844
Air India,2019-03-03,Delhi,Cochin,21:30:00,19:15:00,1305,2.0,No Info,12287
Spicejet,2019-05-03,Kolkata,Banglore,06:55:00,09:30:00,155,0.0,No Info,3873
Multiple Carriers,2019-03-03,Delhi,Cochin,08:55:00,21:00:00,725,1.0,No Info,15147
Vistara,2019-05-01,Kolkata,Banglore,07:10:00,18:50:00,700,1.0,No Info,9345
Air India,2019-05-27,Delhi,Cochin,17:40:00,23:00:00,320,1.0,No Info,7174
Jet Airways,2019-03-09,Delhi,Cochin,18:15:00,18:50:00,1475,1.0,No Info,16289
Jet Airways,2019-05-06,Kolkata,Banglore,20:25:00,21:05:00,1480,1.0,No Info,13067
Spicejet,2019-04-18,Kolkata,Banglore,22:20:00,00:40:00,140,0.0,No check-in baggage included,3841
Jet Airways,2019-04-06,Banglore,Delhi,07:10:00,10:10:00,180,0.0,In-flight meal not included,4544
Jet Airways,2019-04-01,Banglore,Delhi,17:45:00,20:45:00,180,0.0,No Info,7229
Air India,2019-03-27,Delhi,Cochin,09:45:00,08:15:00,1350,1.0,No Info,7416
Indigo,2019-03-15,Banglore,New Delhi,20:00:00,22:55:00,175,0.0,No Info,8855
Air India,2019-06-06,Delhi,Cochin,13:00:00,19:15:00,375,1.0,No Info,8372
Jet Airways,2019-06-12,Delhi,Cochin,20:55:00,04:25:00,450,1.0,In-flight meal not included,10262
Jet Airways,2019-05-09,Kolkata,Banglore,14:05:00,20:45:00,400,1.0,In-flight meal not included,10844
Jet Airways,2019-05-18,Delhi,Cochin,14:00:00,04:25:00,865,1.0,In-flight meal not included,12373
Air India,2019-04-06,Banglore,Delhi,06:10:00,08:55:00,165,0.0,No Info,5176
Indigo,2019-03-15,Banglore,New Delhi,04:00:00,06:50:00,170,0.0,No Info,5694
Jet Airways,2019-06-06,Kolkata,Banglore,09:35:00,21:05:00,690,1.0,In-flight meal not included,13469
Jet Airways,2019-05-06,Kolkata,Banglore,20:25:00,19:10:00,1365,1.0,No Info,13067
Spicejet,2019-06-06,Kolkata,Banglore,06:55:00,09:30:00,155,0.0,No check-in baggage included,3841
Jet Airways,2019-03-06,Banglore,New Delhi,05:45:00,18:25:00,760,1.0,No Info,16736
Indigo,2019-03-09,Banglore,New Delhi,04:00:00,06:50:00,170,0.0,No Info,8033
Air India,2019-06-03,Delhi,Cochin,12:20:00,19:15:00,1855,2.0,No Info,12488
Jet Airways,2019-05-18,Delhi,Cochin,10:00:00,19:00:00,540,1.0,In-flight meal not included,11399
Indigo,2019-05-12,Banglore,Delhi,21:15:00,00:15:00,180,0.0,No Info,3943
Multiple Carriers,2019-05-27,Delhi,Cochin,07:05:00,21:00:00,835,1.0,In-flight meal not included,10406
Indigo,2019-04-18,Banglore,Delhi,22:10:00,01:00:00,170,0.0,No Info,4591
Multiple Carriers,2019-06-01,Delhi,Cochin,15:05:00,01:30:00,625,2.0,No Info,18275
Jet Airways,2019-05-21,Banglore,Delhi,19:50:00,22:50:00,180,0.0,No Info,7229
Multiple Carriers,2019-03-06,Delhi,Cochin,13:00:00,21:00:00,480,1.0,In-flight meal not included,15136
Indigo,2019-05-09,Delhi,Cochin,07:30:00,21:00:00,810,1.0,No Info,7191
Air India,2019-06-15,Delhi,Cochin,07:00:00,19:15:00,735,1.0,No Info,9929
Jet Airways,2019-05-18,Kolkata,Banglore,18:55:00,09:20:00,865,1.0,No Info,14388
Vistara,2019-05-21,Kolkata,Banglore,07:10:00,10:45:00,1655,1.0,No Info,9187
Jet Airways,2019-05-24,Kolkata,Banglore,16:30:00,04:40:00,730,1.0,In-flight meal not included,10844
Air India,2019-05-18,Delhi,Cochin,12:00:00,07:40:00,1180,2.0,No Info,8603
Indigo,2019-03-03,Delhi,Cochin,04:45:00,11:30:00,405,1.0,No Info,14871
Jet Airways,2019-03-01,Banglore,New Delhi,05:45:00,20:20:00,875,1.0,No Info,27992
Air India,2019-03-15,Banglore,New Delhi,08:50:00,15:15:00,385,1.0,No Info,8714
Multiple Carriers,2019-05-27,Delhi,Cochin,09:00:00,21:00:00,720,1.0,In-flight meal not included,7886
Jet Airways,2019-05-06,Banglore,Delhi,06:00:00,08:45:00,165,0.0,In-flight meal not included,5198
Jet Airways,2019-06-09,Delhi,Cochin,19:15:00,04:25:00,550,1.0,In-flight meal not included,10577
Jet Airways,2019-05-09,Delhi,Cochin,02:15:00,12:35:00,620,1.0,No Info,15851
Jet Airways,2019-06-01,Delhi,Cochin,10:00:00,19:00:00,540,1.0,No Info,14714
Jet Airways,2019-06-09,Delhi,Cochin,17:30:00,19:00:00,1530,1.0,In-flight meal not included,10262
Jet Airways,2019-05-18,Kolkata,Banglore,18:55:00,20:45:00,1550,1.0,In-flight meal not included,10844
Indigo,2019-04-24,Kolkata,Banglore,11:30:00,14:05:00,155,0.0,No Info,4804
Jet Airways,2019-05-24,Kolkata,Banglore,18:55:00,12:00:00,1025,1.0,No Info,14571
Jet Airways,2019-06-06,Delhi,Cochin,06:45:00,04:25:00,1300,2.0,No Info,13376
Indigo,2019-06-03,Mumbai,Hyderabad,20:05:00,21:40:00,95,0.0,No Info,2227
Indigo,2019-03-06,Chennai,Kolkata,13:20:00,15:35:00,135,0.0,No Info,7295
Indigo,2019-05-24,Kolkata,Banglore,11:30:00,14:05:00,155,0.0,No Info,5224
Multiple Carriers,2019-06-15,Delhi,Cochin,04:55:00,12:35:00,460,1.0,No Info,10678
Indigo,2019-04-12,Banglore,Delhi,08:30:00,11:20:00,170,0.0,No Info,4823
Air Asia,2019-05-21,Kolkata,Banglore,15:10:00,23:30:00,500,2.0,No Info,5192
Indigo,2019-04-21,Kolkata,Banglore,15:30:00,18:05:00,155,0.0,No Info,4804
Multiple Carriers,2019-06-24,Delhi,Cochin,11:25:00,19:00:00,455,1.0,No Info,10678
Jet Airways,2019-03-27,Delhi,Cochin,16:00:00,04:25:00,745,1.0,No Info,12242
Jet Airways,2019-05-18,Delhi,Cochin,20:55:00,19:00:00,1325,1.0,No Info,15554
Jet Airways,2019-03-27,Delhi,Cochin,19:15:00,19:45:00,1470,1.0,In-flight meal not included,5963
Air India,2019-06-24,Delhi,Cochin,16:40:00,19:15:00,1595,2.0,No Info,9443
Indigo,2019-05-24,Kolkata,Banglore,15:10:00,20:30:00,320,1.0,No Info,6991
Jet Airways,2019-03-21,Banglore,New Delhi,18:40:00,07:40:00,780,1.0,In-flight meal not included,7832
Jet Airways,2019-05-12,Kolkata,Banglore,16:30:00,16:20:00,1430,1.0,In-flight meal not included,10844
Indigo,2019-06-06,Kolkata,Banglore,09:35:00,12:10:00,155,0.0,No Info,4804
Jet Airways,2019-05-09,Delhi,Cochin,19:30:00,04:25:00,535,2.0,In-flight meal not included,13029
Jet Airways,2019-03-06,Delhi,Cochin,05:40:00,04:25:00,1365,2.0,In-flight meal not included,17271
Jet Airways,2019-03-24,Kolkata,Banglore,21:10:00,10:05:00,775,1.0,No Info,14914
Jet Airways,2019-04-01,Kolkata,Banglore,16:30:00,19:50:00,1640,1.0,No Info,12681
Spicejet,2019-06-18,Banglore,Delhi,21:10:00,00:05:00,175,0.0,No Info,3971
Indigo,2019-05-24,Kolkata,Banglore,15:15:00,20:05:00,290,1.0,No Info,5192
Jet Airways,2019-06-12,Kolkata,Banglore,17:00:00,18:00:00,1500,1.0,No Info,12692
Multiple Carriers,2019-06-27,Delhi,Cochin,13:15:00,22:30:00,555,1.0,No Info,8018
Air India,2019-05-21,Kolkata,Banglore,09:25:00,05:25:00,1200,2.0,No Info,14687
Indigo,2019-05-03,Kolkata,Banglore,22:15:00,00:50:00,155,0.0,No Info,4804
Air India,2019-06-21,Delhi,Cochin,18:05:00,21:10:00,185,0.0,No Info,5411
Spicejet,2019-05-27,Mumbai,Hyderabad,22:45:00,00:15:00,90,0.0,No Info,2017
Air India,2019-03-01,Banglore,New Delhi,06:10:00,08:55:00,165,0.0,No Info,15676
Indigo,2019-04-03,Delhi,Cochin,07:35:00,12:10:00,275,1.0,No Info,5073
Jet Airways,2019-06-09,Delhi,Cochin,05:30:00,04:25:00,1375,2.0,No Info,13014
Indigo,2019-04-18,Banglore,Delhi,23:30:00,02:20:00,170,0.0,No Info,4591
Air India,2019-03-21,Delhi,Cochin,05:15:00,19:15:00,2280,3.0,No Info,9128
Jet Airways,2019-06-09,Delhi,Cochin,19:30:00,12:35:00,1025,2.0,In-flight meal not included,10368
Spicejet,2019-04-21,Kolkata,Banglore,09:00:00,11:25:00,145,0.0,No Info,4491
Jet Airways,2019-05-21,Delhi,Cochin,02:15:00,12:35:00,620,1.0,In-flight meal not included,12898
Jet Airways,2019-03-24,Kolkata,Banglore,16:55:00,09:15:00,980,1.0,No Info,14231
Air India,2019-05-15,Kolkata,Banglore,09:25:00,18:20:00,535,2.0,No Info,8366
Multiple Carriers,2019-06-15,Delhi,Cochin,19:00:00,01:30:00,390,1.0,No Info,6795
Air India,2019-05-06,Kolkata,Banglore,19:00:00,09:50:00,890,1.0,No Info,6117
Spicejet,2019-05-01,Kolkata,Banglore,06:55:00,09:30:00,155,0.0,No check-in baggage included,3841
Indigo,2019-04-03,Banglore,Delhi,23:30:00,02:20:00,170,0.0,No Info,4591
Spicejet,2019-04-03,Banglore,Delhi,09:30:00,12:20:00,170,0.0,No Info,3971
Multiple Carriers,2019-05-27,Delhi,Cochin,07:30:00,21:00:00,810,1.0,No Info,8475
Indigo,2019-05-24,Banglore,Delhi,13:00:00,15:50:00,170,0.0,No Info,4990
Jet Airways,2019-05-12,Kolkata,Banglore,09:35:00,10:55:00,1520,1.0,No Info,14151
Indigo,2019-03-09,Delhi,Cochin,05:05:00,10:05:00,300,1.0,No Info,8147
Multiple Carriers,2019-06-27,Delhi,Cochin,09:45:00,16:10:00,385,1.0,No Info,9646
Jet Airways,2019-05-27,Delhi,Cochin,21:50:00,12:35:00,885,1.0,In-flight meal not included,12898
Indigo,2019-06-27,Mumbai,Hyderabad,19:05:00,20:35:00,90,0.0,No Info,2754
Multiple Carriers,2019-03-03,Delhi,Cochin,07:05:00,21:00:00,835,1.0,No Info,17057
Multiple Carriers,2019-05-27,Delhi,Cochin,07:00:00,19:00:00,720,1.0,No Info,10407
Air India,2019-06-12,Kolkata,Banglore,17:30:00,20:25:00,1615,1.0,No Info,10203
Jet Airways,2019-03-03,Delhi,Cochin,05:25:00,18:50:00,2245,2.0,No Info,18799
Indigo,2019-03-27,Kolkata,Banglore,15:10:00,17:45:00,155,0.0,No Info,4148
Jet Airways,2019-06-06,Kolkata,Banglore,17:00:00,18:00:00,1500,1.0,In-flight meal not included,10539
Spicejet,2019-03-21,Kolkata,Banglore,17:15:00,19:45:00,150,0.0,No Info,3847
Multiple Carriers,2019-03-06,Delhi,Cochin,08:00:00,15:30:00,450,1.0,No Info,15078
Jet Airways,2019-06-09,Kolkata,Banglore,06:30:00,18:15:00,705,1.0,In-flight meal not included,10844
Jet Airways,2019-05-18,Kolkata,Banglore,14:05:00,19:50:00,345,1.0,No Info,14781
Indigo,2019-05-15,Kolkata,Banglore,04:40:00,07:15:00,155,0.0,No Info,4804
Vistara,2019-04-01,Kolkata,Banglore,07:10:00,09:05:00,1555,1.0,No Info,7980
Indigo,2019-03-27,Delhi,Cochin,20:30:00,01:35:00,305,1.0,No Info,5073
Jet Airways,2019-03-24,Kolkata,Banglore,21:10:00,09:15:00,725,1.0,No Info,14231
Jet Airways,2019-05-24,Kolkata,Banglore,06:30:00,12:00:00,330,1.0,In-flight meal not included,9663
Jet Airways,2019-06-24,Delhi,Cochin,14:00:00,12:35:00,1355,1.0,In-flight meal not included,10262
Spicejet,2019-06-21,Kolkata,Banglore,22:20:00,00:40:00,140,0.0,No Info,3873
Indigo,2019-03-21,Banglore,New Delhi,14:25:00,19:25:00,300,1.0,No Info,7708
Jet Airways,2019-03-18,Banglore,New Delhi,08:55:00,16:10:00,435,1.0,No Info,12284
Jet Airways,2019-05-21,Delhi,Cochin,05:30:00,04:25:00,1375,2.0,No Info,15129
Air India,2019-05-15,Delhi,Cochin,18:45:00,19:15:00,1470,2.0,No Info,13307
Vistara,2019-03-03,Banglore,New Delhi,21:10:00,00:05:00,175,0.0,No Info,7608
Jet Airways,2019-06-09,Delhi,Cochin,02:15:00,12:35:00,620,1.0,No Info,18371
Indigo,2019-05-15,Delhi,Cochin,21:50:00,03:35:00,345,1.0,No Info,7189
Multiple Carriers,2019-05-15,Delhi,Cochin,09:45:00,16:10:00,385,1.0,No Info,9646
Vistara,2019-05-01,Kolkata,Banglore,20:20:00,09:05:00,765,1.0,No Info,8452
Jet Airways,2019-05-21,Kolkata,Banglore,09:35:00,23:35:00,840,1.0,No Info,14151
Multiple Carriers,2019-06-01,Delhi,Cochin,09:45:00,16:10:00,385,1.0,No Info,9646
Jet Airways,2019-06-12,Kolkata,Banglore,16:30:00,16:20:00,1430,1.0,No Info,13044
Air India,2019-05-27,Delhi,Cochin,10:00:00,19:15:00,555,1.0,No Info,12029
Air India,2019-05-15,Banglore,Delhi,10:00:00,12:45:00,165,0.0,No Info,6961
Air India,2019-06-21,Mumbai,Hyderabad,06:20:00,07:40:00,80,0.0,No Info,3100
Indigo,2019-03-18,Kolkata,Banglore,05:30:00,08:20:00,170,0.0,No Info,4462
Spicejet,2019-05-12,Banglore,Delhi,09:30:00,12:20:00,170,0.0,No check-in baggage included,4319
Air India,2019-05-21,Kolkata,Banglore,08:20:00,18:30:00,610,2.0,No Info,10697
Jet Airways,2019-05-21,Kolkata,Banglore,17:00:00,18:00:00,1500,1.0,No Info,14151
Indigo,2019-05-15,Delhi,Cochin,16:00:00,01:30:00,570,1.0,No Info,7923
Jet Airways,2019-06-03,Delhi,Cochin,09:40:00,12:35:00,1615,2.0,In-flight meal not included,10368
Spicejet,2019-03-21,Kolkata,Banglore,17:15:00,19:45:00,150,0.0,No check-in baggage included,3815
Multiple Carriers,2019-06-27,Delhi,Cochin,06:00:00,21:00:00,900,1.0,In-flight meal not included,6007
Indigo,2019-05-18,Banglore,Delhi,13:00:00,15:50:00,170,0.0,No Info,4423
Air India,2019-05-09,Delhi,Cochin,12:30:00,09:25:00,1255,1.0,No Info,7480
Air India,2019-05-01,Kolkata,Banglore,20:30:00,13:45:00,1035,2.0,No Info,15164
Jet Airways,2019-06-06,Kolkata,Banglore,16:30:00,23:35:00,425,1.0,In-flight meal not included,10844
Air India,2019-03-24,Kolkata,Banglore,09:25:00,01:20:00,955,2.0,No Info,11853
Multiple Carriers,2019-05-27,Delhi,Cochin,09:00:00,19:15:00,615,1.0,In-flight meal not included,10197
Indigo,2019-05-18,Delhi,Cochin,05:05:00,16:10:00,665,1.0,No Info,6818
Jet Airways,2019-06-12,Delhi,Cochin,02:15:00,12:35:00,620,1.0,In-flight meal not included,10262
Goair,2019-05-21,Kolkata,Banglore,16:40:00,00:15:00,455,1.0,No Info,8855
Jet Airways,2019-05-21,Kolkata,Banglore,21:10:00,09:20:00,730,1.0,In-flight meal not included,10844
Jet Airways,2019-06-15,Delhi,Cochin,09:40:00,19:00:00,560,2.0,In-flight meal not included,10368
Multiple Carriers,2019-03-21,Delhi,Cochin,10:00:00,01:35:00,935,1.0,No Info,8098
Air India,2019-05-24,Kolkata,Banglore,09:25:00,11:10:00,1545,1.0,No Info,8891
Air Asia,2019-03-06,Delhi,Cochin,20:10:00,07:10:00,660,1.0,No Info,8627
Indigo,2019-03-27,Delhi,Cochin,06:40:00,16:10:00,570,1.0,No Info,6442
Multiple Carriers,2019-06-12,Delhi,Cochin,13:00:00,01:30:00,750,1.0,No Info,13377
Indigo,2019-06-24,Kolkata,Banglore,14:25:00,16:55:00,150,0.0,No Info,4804
Jet Airways,2019-03-01,Banglore,New Delhi,05:45:00,16:10:00,625,1.0,No Info,26890
Air India,2019-06-12,Delhi,Cochin,17:20:00,09:25:00,965,1.0,No Info,7480
Jet Airways,2019-06-03,Delhi,Cochin,20:00:00,04:25:00,505,2.0,In-flight meal not included,15318
Multiple Carriers,2019-06-15,Delhi,Cochin,18:15:00,01:30:00,435,1.0,No Info,13377
Indigo,2019-04-03,Banglore,Delhi,22:10:00,01:00:00,170,0.0,No Info,3943
Multiple Carriers,2019-05-15,Delhi,Cochin,19:00:00,01:30:00,390,1.0,No Info,8073
Multiple Carriers,2019-03-06,Delhi,Cochin,07:00:00,15:30:00,510,1.0,No Info,15603
Jet Airways,2019-03-09,Delhi,Cochin,16:00:00,18:50:00,1610,1.0,In-flight meal not included,14053
Jet Airways,2019-03-21,Banglore,New Delhi,20:35:00,10:25:00,830,1.0,In-flight meal not included,7832
Spicejet,2019-06-06,Chennai,Kolkata,17:45:00,20:05:00,140,0.0,No check-in baggage included,3543
Multiple Carriers,2019-06-01,Delhi,Cochin,04:55:00,12:35:00,460,1.0,No Info,11098
Jet Airways,2019-05-18,Delhi,Cochin,22:50:00,04:25:00,335,1.0,In-flight meal not included,12373
Multiple Carriers,2019-03-03,Delhi,Cochin,04:00:00,15:30:00,690,1.0,No Info,14973
Goair,2019-05-03,Banglore,Delhi,07:45:00,10:40:00,175,0.0,No Info,3898
Vistara,2019-03-24,Banglore,New Delhi,16:00:00,18:35:00,155,0.0,No Info,5613
Jet Airways,2019-06-09,Kolkata,Banglore,17:00:00,22:05:00,1745,1.0,No Info,12692
Jet Airways,2019-05-18,Delhi,Cochin,07:05:00,19:00:00,715,1.0,No Info,15554
Jet Airways,2019-05-21,Kolkata,Banglore,08:25:00,09:20:00,1495,1.0,No Info,14388
Multiple Carriers,2019-05-21,Delhi,Cochin,10:00:00,19:00:00,540,1.0,No Info,10197
Jet Airways,2019-05-09,Delhi,Cochin,19:30:00,12:35:00,1025,2.0,In-flight meal not included,13029
Indigo,2019-06-06,Kolkata,Banglore,15:15:00,20:30:00,315,1.0,No Info,5170
Multiple Carriers,2019-05-27,Delhi,Cochin,11:40:00,01:30:00,830,1.0,No Info,6795
Indigo,2019-06-06,Delhi,Cochin,08:30:00,21:00:00,750,1.0,No Info,6416
Goair,2019-03-24,Banglore,New Delhi,20:55:00,23:50:00,175,0.0,No Info,5706
Multiple Carriers,2019-03-27,Delhi,Cochin,16:00:00,01:35:00,575,1.0,No Info,12327
Indigo,2019-03-15,Banglore,New Delhi,01:30:00,04:15:00,165,0.0,No Info,5694
Spicejet,2019-03-24,Banglore,New Delhi,20:30:00,23:20:00,170,0.0,No check-in baggage included,5469
Jet Airways,2019-05-18,Delhi,Cochin,19:45:00,19:00:00,1395,1.0,No Info,15554
Vistara Premium Economy,2019-04-06,Banglore,Delhi,11:30:00,14:20:00,170,0.0,No Info,5969
Air India,2019-05-09,Delhi,Cochin,14:25:00,19:15:00,1730,2.0,No Info,13591
Indigo,2019-03-21,Delhi,Cochin,16:10:00,22:20:00,370,1.0,No Info,6528
Indigo,2019-03-03,Banglore,New Delhi,08:30:00,11:30:00,180,0.0,No Info,6860
Multiple Carriers,2019-05-09,Delhi,Cochin,13:00:00,21:00:00,480,1.0,No Info,8073
Jet Airways,2019-06-24,Delhi,Cochin,02:15:00,04:25:00,1570,1.0,In-flight meal not included,10262
Jet Airways,2019-05-18,Kolkata,Banglore,18:55:00,04:40:00,585,1.0,No Info,13941
Indigo,2019-06-24,Delhi,Cochin,23:30:00,04:35:00,305,1.0,No Info,9165
Air Asia,2019-03-03,Banglore,New Delhi,05:50:00,08:40:00,170,0.0,No Info,7074
Spicejet,2019-05-18,Kolkata,Banglore,22:20:00,00:40:00,140,0.0,No Info,3873
Indigo,2019-05-27,Banglore,Delhi,13:00:00,15:50:00,170,0.0,No Info,3943
Air India,2019-05-21,Delhi,Cochin,17:20:00,09:25:00,965,1.0,No Info,7480
Jet Airways,2019-03-24,Banglore,New Delhi,22:50:00,12:15:00,805,1.0,In-flight meal not included,7832
Spicejet,2019-06-18,Mumbai,Hyderabad,22:45:00,00:15:00,90,0.0,No check-in baggage included,1965
Air India,2019-05-06,Kolkata,Banglore,14:35:00,15:20:00,1485,1.0,No Info,6528
Multiple Carriers,2019-06-27,Delhi,Cochin,17:45:00,01:30:00,465,1.0,In-flight meal not included,5797
Multiple Carriers,2019-06-24,Delhi,Cochin,07:10:00,22:30:00,920,1.0,No Info,6723
Jet Airways,2019-05-27,Delhi,Cochin,19:45:00,04:25:00,520,1.0,In-flight meal not included,12898
Multiple Carriers,2019-06-12,Delhi,Cochin,09:00:00,19:00:00,600,1.0,No Info,12192
Jet Airways,2019-03-09,Delhi,Cochin,11:00:00,14:15:00,195,0.0,No Info,9564
Air India,2019-03-27,Mumbai,Hyderabad,06:20:00,07:40:00,80,0.0,No Info,2575
Air Asia,2019-06-24,Banglore,Delhi,11:10:00,13:55:00,165,0.0,No Info,3383
Air India,2019-06-06,Delhi,Cochin,20:40:00,09:25:00,765,1.0,No Info,7952
Indigo,2019-06-27,Chennai,Kolkata,07:55:00,10:15:00,140,0.0,No Info,3850
Indigo,2019-03-15,Kolkata,Banglore,14:20:00,16:55:00,155,0.0,No Info,4778
Indigo,2019-05-18,Banglore,Delhi,16:55:00,19:55:00,180,0.0,No Info,4823
Jet Airways,2019-03-12,Banglore,New Delhi,16:55:00,08:15:00,920,1.0,No Info,13817
Indigo,2019-04-03,Banglore,Delhi,01:30:00,04:15:00,165,0.0,No Info,3419
Jet Airways,2019-05-21,Delhi,Cochin,09:00:00,19:00:00,600,1.0,No Info,16079
Jet Airways,2019-05-01,Kolkata,Banglore,18:55:00,04:40:00,585,1.0,In-flight meal not included,8586
Air Asia,2019-05-12,Banglore,Delhi,23:55:00,02:45:00,170,0.0,No Info,4483
Air India,2019-05-01,Kolkata,Banglore,12:00:00,18:30:00,1830,2.0,No Info,10151
Spicejet,2019-04-03,Kolkata,Banglore,22:20:00,00:40:00,140,0.0,No Info,3873
Indigo,2019-06-12,Delhi,Cochin,10:35:00,01:30:00,895,1.0,No Info,5883
Jet Airways,2019-05-24,Kolkata,Banglore,06:30:00,09:20:00,1610,1.0,No Info,14178
Indigo,2019-06-18,Banglore,Delhi,21:15:00,00:15:00,180,0.0,No Info,3943
Indigo,2019-06-06,Kolkata,Banglore,19:35:00,23:15:00,220,1.0,No Info,6116
Jet Airways,2019-06-24,Delhi,Cochin,14:35:00,04:25:00,830,2.0,No Info,13376
Air India,2019-05-09,Kolkata,Banglore,12:00:00,13:15:00,1515,1.0,No Info,6612
Indigo,2019-06-06,Delhi,Cochin,17:05:00,22:25:00,320,1.0,No Info,6493
Indigo,2019-03-21,Delhi,Cochin,02:35:00,08:30:00,355,1.0,No Info,8470
Goair,2019-06-03,Delhi,Cochin,10:35:00,19:35:00,540,1.0,No Info,4959
Jet Airways,2019-03-18,Banglore,New Delhi,11:40:00,05:05:00,1045,1.0,No Info,13555
Jet Airways,2019-06-12,Delhi,Cochin,14:00:00,19:00:00,300,1.0,In-flight meal not included,10262
Jet Airways,2019-06-12,Kolkata,Banglore,16:30:00,19:50:00,1640,1.0,In-flight meal not included,8529
Jet Airways,2019-06-06,Banglore,Delhi,17:45:00,20:45:00,180,0.0,No Info,8016
Air India,2019-03-06,Delhi,Cochin,05:55:00,07:40:00,1545,2.0,No Info,14641
Multiple Carriers,2019-03-01,Delhi,Cochin,14:35:00,22:20:00,465,1.0,No Info,14762
Indigo,2019-04-09,Kolkata,Banglore,19:35:00,00:10:00,275,1.0,No Info,4860
Jet Airways,2019-05-12,Kolkata,Banglore,20:00:00,18:15:00,1335,1.0,In-flight meal not included,10844
Spicejet,2019-05-21,Mumbai,Hyderabad,13:15:00,14:45:00,90,0.0,No check-in baggage included,1965
Jet Airways,2019-03-06,Delhi,Cochin,11:30:00,18:50:00,440,1.0,In-flight meal not included,15400
Air India,2019-04-06,Delhi,Cochin,06:10:00,23:00:00,1010,1.0,No Info,5022
Vistara,2019-03-15,Delhi,Cochin,14:55:00,17:50:00,175,0.0,No Info,6688
Jet Airways,2019-05-21,Delhi,Cochin,18:15:00,19:00:00,1485,1.0,In-flight meal not included,12898
Vistara,2019-05-15,Chennai,Kolkata,17:45:00,20:05:00,140,0.0,No Info,11982
Spicejet,2019-04-15,Kolkata,Banglore,06:55:00,09:30:00,155,0.0,No Info,3873
Jet Airways,2019-05-15,Kolkata,Banglore,09:35:00,18:00:00,505,1.0,In-flight meal not included,12384
Jet Airways,2019-04-01,Kolkata,Banglore,18:55:00,18:15:00,1400,1.0,In-flight meal not included,7064
Jet Airways,2019-06-09,Delhi,Cochin,20:55:00,04:25:00,450,1.0,No Info,14924
Air India,2019-04-01,Banglore,Delhi,13:20:00,16:10:00,170,0.0,No Info,5911
Multiple Carriers,2019-06-09,Delhi,Cochin,17:50:00,01:30:00,460,2.0,No Info,18485
Jet Airways,2019-05-18,Delhi,Cochin,20:00:00,04:25:00,505,2.0,In-flight meal not included,15318
Air India,2019-03-12,Banglore,New Delhi,06:50:00,22:55:00,965,2.0,No Info,11474
Jet Airways,2019-03-12,Banglore,New Delhi,20:35:00,18:25:00,1310,1.0,In-flight meal not included,11087
Vistara,2019-03-24,Banglore,New Delhi,21:10:00,00:05:00,175,0.0,No Info,6558
Indigo,2019-06-12,Kolkata,Banglore,04:40:00,07:15:00,155,0.0,No Info,4804
Jet Airways,2019-06-27,Delhi,Cochin,05:30:00,19:00:00,810,2.0,No Info,13014
Jet Airways,2019-03-21,Banglore,New Delhi,16:55:00,11:25:00,1110,1.0,In-flight meal not included,7832
Air India,2019-06-06,Delhi,Cochin,07:00:00,19:15:00,735,1.0,No Info,8669
Multiple Carriers,2019-03-21,Delhi,Cochin,09:10:00,18:50:00,580,1.0,No Info,13069
Jet Airways,2019-05-06,Kolkata,Banglore,20:25:00,18:00:00,1295,1.0,In-flight meal not included,9314
Air Asia,2019-04-24,Banglore,Delhi,04:55:00,07:45:00,170,0.0,No Info,3383
Multiple Carriers,2019-06-12,Delhi,Cochin,11:40:00,19:15:00,455,1.0,No Info,8266
Jet Airways,2019-04-27,Banglore,Delhi,15:15:00,18:10:00,175,0.0,In-flight meal not included,4544
Goair,2019-04-12,Banglore,Delhi,11:40:00,14:30:00,170,0.0,No Info,4937
Indigo,2019-06-15,Delhi,Cochin,07:30:00,21:00:00,810,1.0,No Info,6093
Air Asia,2019-05-12,Kolkata,Banglore,07:35:00,19:25:00,710,1.0,No Info,5320
Jet Airways,2019-05-27,Delhi,Cochin,13:00:00,19:00:00,360,1.0,No Info,16079
Air India,2019-06-01,Kolkata,Banglore,14:15:00,16:45:00,150,0.0,No Info,6245
Vistara,2019-06-06,Chennai,Kolkata,17:45:00,20:05:00,140,0.0,No Info,11982
Multiple Carriers,2019-03-21,Delhi,Cochin,11:40:00,21:00:00,560,1.0,No Info,7215
Jet Airways,2019-05-18,Delhi,Cochin,13:25:00,04:25:00,900,2.0,No Info,16704
Jet Airways,2019-05-18,Kolkata,Banglore,20:25:00,14:25:00,1080,1.0,No Info,13067
Indigo,2019-03-03,Delhi,Cochin,05:35:00,08:50:00,195,0.0,No Info,7673
Jet Airways,2019-05-21,Delhi,Cochin,09:35:00,12:35:00,1620,2.0,No Info,13559
Jet Airways,2019-05-03,Banglore,Delhi,08:20:00,11:20:00,180,0.0,In-flight meal not included,5198
Air Asia,2019-05-09,Kolkata,Banglore,10:20:00,12:55:00,155,0.0,No Info,4409
Air India,2019-03-15,Banglore,New Delhi,08:50:00,23:15:00,865,1.0,No Info,8714
Jet Airways,2019-05-09,Kolkata,Banglore,20:25:00,10:55:00,870,1.0,In-flight meal not included,8066
Multiple Carriers,2019-06-15,Delhi,Cochin,08:45:00,21:00:00,735,1.0,No Info,7005
Jet Airways,2019-05-12,Kolkata,Banglore,10:20:00,17:35:00,435,1.0,No Info,9358
Jet Airways,2019-05-27,Delhi,Cochin,11:30:00,19:00:00,450,1.0,In-flight meal not included,9732
Jet Airways,2019-05-18,Kolkata,Banglore,05:45:00,18:15:00,750,1.0,No Info,14781
Jet Airways,2019-05-01,Kolkata,Banglore,16:30:00,12:00:00,1170,1.0,In-flight meal not included,9663
Indigo,2019-05-21,Banglore,Delhi,00:30:00,03:25:00,175,0.0,No Info,3419
Air India,2019-03-03,Banglore,New Delhi,08:15:00,12:15:00,240,1.0,No Info,6273
Jet Airways,2019-05-09,Delhi,Cochin,07:05:00,12:35:00,330,1.0,No Info,15554
Air India,2019-04-01,Kolkata,Banglore,19:00:00,09:50:00,890,1.0,No Info,4227
Jet Airways,2019-05-27,Delhi,Cochin,11:30:00,19:00:00,450,1.0,No Info,16079
Air India,2019-06-27,Kolkata,Banglore,20:45:00,23:20:00,155,0.0,No Info,4145
Indigo,2019-05-09,Delhi,Cochin,05:10:00,10:05:00,295,1.0,No Info,6496
Indigo,2019-06-01,Delhi,Cochin,04:55:00,21:00:00,965,1.0,No Info,6314
Spicejet,2019-06-24,Mumbai,Hyderabad,13:15:00,14:45:00,90,0.0,No check-in baggage included,1965
Spicejet,2019-04-15,Delhi,Cochin,08:45:00,13:15:00,270,1.0,No Info,5830
Multiple Carriers,2019-06-01,Delhi,Cochin,12:50:00,01:30:00,760,1.0,No Info,6795
Jet Airways,2019-05-12,Kolkata,Banglore,20:25:00,18:00:00,1295,1.0,No Info,14151
Indigo,2019-06-12,Chennai,Kolkata,22:05:00,00:25:00,140,0.0,No Info,5277
Indigo,2019-05-09,Delhi,Cochin,06:50:00,16:10:00,560,1.0,No Info,6442
